5,1,0,1.0,30,1,0.08787322044372559,Truck,0,4,1,3,2,0,Drones
5,1,0,1.0,45,1,0.016827821731567383,Truck,0,4,1,2,3,0,Drones
5,1,0,1.0,60,1,0.009913206100463867,Truck,0,3,2,4,1,0,Drones
5,1,0,1.0,75,1,0.022203922271728516,Truck,0,1,4,3,2,0,Drones
5,1,0,1.25,30,1,0.009746074676513672,Truck,0,3,1,4,2,0,Drones
5,1,0,1.25,45,1,0.011873006820678711,Truck,0,2,3,1,4,0,Drones
5,1,0,1.25,60,1,0.014671087265014648,Truck,0,2,1,3,4,0,Drones
5,1,0,1.25,75,1,0.009267330169677734,Truck,0,2,4,1,3,0,Drones
5,1,0,1.5,30,1,0.008176803588867188,Truck,0,2,3,4,1,0,Drones
5,1,0,1.5,45,1,0.008729219436645508,Truck,0,1,4,2,3,0,Drones
5,1,0,1.5,60,1,0.013091087341308594,Truck,0,3,2,4,1,0,Drones
5,1,0,1.5,75,1,0.030237913131713867,Truck,0,4,3,1,2,0,Drones
5,1,0,1.75,30,1,0.012248992919921875,Truck,0,1,3,4,2,0,Drones
5,1,0,1.75,45,1,0.014622926712036133,Truck,0,3,1,4,2,0,Drones
5,1,0,1.75,60,1,0.05069994926452637,Truck,0,1,4,2,3,0,Drones
5,1,0,1.75,75,1,0.02785515785217285,Truck,0,2,1,3,4,0,Drones
5,1,1,1.0,30,1,0.036360979080200195,Truck,0,1,2,4,0,Drones,2-3-4
5,1,1,1.0,45,1,0.014394760131835938,Truck,0,3,2,4,1,0,Drones
5,1,1,1.0,60,1,0.034024953842163086,Truck,0,2,3,0,Drones,0-4-2,3-1-0
5,1,1,1.0,75,1,0.018725872039794922,Truck,0,1,4,0,Drones,1-2-4,4-3-0
5,1,1,1.25,30,1,0.008517980575561523,Truck,0,2,1,4,3,0,Drones
5,1,1,1.25,45,1,0.008002758026123047,Truck,0,3,1,4,2,0,Drones
5,1,1,1.25,60,1,0.010442018508911133,Truck,0,3,4,2,0,Drones,0-1-3
5,1,1,1.25,75,1,0.009025096893310547,Truck,0,2,3,1,4,0,Drones
5,1,1,1.5,30,1,0.010550975799560547,Truck,0,4,2,3,0,Drones,4-1-2
5,1,1,1.5,45,1,0.007913827896118164,Truck,0,2,1,3,4,0,Drones
5,1,1,1.5,60,1,0.01689600944519043,Truck,0,2,4,1,3,0,Drones
5,1,1,1.5,75,1,0.04414486885070801,Truck,0,1,2,0,Drones,1-4-2,2-3-0
5,1,1,1.75,30,1,0.007668018341064453,Truck,0,3,1,4,2,0,Drones
5,1,1,1.75,45,1,0.007611989974975586,Truck,0,3,4,1,2,0,Drones
5,1,1,1.75,60,1,0.01940321922302246,Truck,0,4,2,0,Drones,2-3-0,4-1-2
5,1,1,1.75,75,1,0.0164339542388916,Truck,0,2,1,3,0,Drones,2-4-1
5,1,2,1.0,30,1,0.0074193477630615234,Truck,0,3,1,4,2,0,Drones
5,1,2,1.0,45,1,0.014724969863891602,Truck,0,2,3,1,4,0,Drones
5,1,2,1.0,60,1,0.0075531005859375,Truck,0,2,4,3,1,0,Drones
5,1,2,1.0,75,1,0.06697702407836914,Truck,0,3,4,2,0,Drones,2-1-0
5,1,2,1.25,30,1,0.034654855728149414,Truck,0,1,3,2,4,0,Drones
5,1,2,1.25,45,1,0.035555124282836914,Truck,0,2,1,4,3,0,Drones
5,1,2,1.25,60,1,0.024142742156982422,Truck,0,3,1,2,0,Drones,1-4-2
5,1,2,1.25,75,1,0.013126134872436523,Truck,0,4,1,2,3,0,Drones
5,1,2,1.5,30,1,0.0084381103515625,Truck,0,3,2,1,4,0,Drones
5,1,2,1.5,45,1,0.01025700569152832,Truck,0,2,3,1,4,0,Drones
5,1,2,1.5,60,1,0.010218143463134766,Truck,0,3,2,1,4,0,Drones
5,1,2,1.5,75,1,0.01723504066467285,Truck,0,4,2,0,Drones,4-1-2,4-3-2
5,1,2,1.75,30,1,0.008093118667602539,Truck,0,3,4,1,2,0,Drones
5,1,2,1.75,45,1,0.013189077377319336,Truck,0,2,1,3,0,Drones,1-4-3
5,1,2,1.75,60,1,0.022672176361083984,Truck,0,2,3,1,4,0,Drones
5,1,2,1.75,75,1,0.015540122985839844,Truck,0,4,1,3,2,0,Drones
5,1,3,1.0,30,1,0.009284019470214844,Truck,0,3,4,1,2,0,Drones
5,1,3,1.0,45,1,0.010637998580932617,Truck,0,4,2,3,1,0,Drones
5,1,3,1.0,60,1,0.010650157928466797,Truck,0,2,1,3,4,0,Drones
5,1,3,1.0,75,1,0.02352738380432129,Truck,0,1,3,2,0,Drones,1-4-3
5,1,3,1.25,30,1,0.025534868240356445,Truck,0,2,1,4,3,0,Drones
5,1,3,1.25,45,1,0.021838903427124023,Truck,0,4,2,3,1,0,Drones
5,1,3,1.25,60,1,0.025218725204467773,Truck,0,4,1,2,3,0,Drones
5,1,3,1.25,75,1,0.017990827560424805,Truck,0,3,2,1,0,Drones,2-4-1
5,1,3,1.5,30,1,0.01131892204284668,Truck,0,3,4,1,2,0,Drones
5,1,3,1.5,45,1,0.015162229537963867,Truck,0,1,2,4,3,0,Drones
5,1,3,1.5,60,1,0.012775182723999023,Truck,0,3,4,0,Drones,0-1-3,0-2-3
5,1,3,1.5,75,1,0.017498016357421875,Truck,0,2,1,0,Drones,1-4-0,2-3-1
5,1,3,1.75,30,1,0.020710229873657227,Truck,0,3,4,2,1,0,Drones
5,1,3,1.75,45,1,0.01236104965209961,Truck,0,4,1,3,0,Drones,3-2-0
5,1,3,1.75,60,1,0.009803056716918945,Truck,0,4,1,3,2,0,Drones
5,1,3,1.75,75,1,0.009039163589477539,Truck,0,4,1,3,2,0,Drones
10,1,0,1.0,30,1,0.052643775939941406,Truck,0,1,5,3,7,4,9,2,6,8,0,Drones
10,1,0,1.0,45,1,0.07048892974853516,Truck,0,2,9,5,6,1,7,8,4,3,0,Drones
10,1,0,1.0,60,1,0.08994698524475098,Truck,0,9,1,5,3,6,7,4,8,2,0,Drones
10,1,0,1.0,75,1,0.10006189346313477,Truck,0,1,9,8,4,2,5,7,6,3,0,Drones
10,1,0,1.25,30,1,0.0607450008392334,Truck,0,9,6,5,3,2,8,1,7,4,0,Drones
10,1,0,1.25,45,1,0.08680391311645508,Truck,0,6,3,9,1,2,7,5,4,8,0,Drones
10,1,0,1.25,60,1,0.17197799682617188,Truck,0,6,3,8,4,2,9,7,1,5,0,Drones
10,1,0,1.25,75,1,0.09487485885620117,Truck,0,7,3,4,5,8,2,9,6,1,0,Drones
10,1,0,1.5,30,1,0.08671879768371582,Truck,0,1,8,5,6,3,2,9,4,7,0,Drones
10,1,0,1.5,45,1,0.04530501365661621,Truck,0,9,3,8,6,7,4,1,2,5,0,Drones
10,1,0,1.5,60,1,0.11485004425048828,Truck,0,1,3,4,6,2,8,5,9,7,0,Drones
10,1,0,1.5,75,1,0.10265898704528809,Truck,0,3,6,9,1,8,4,2,7,5,0,Drones
10,1,0,1.75,30,1,0.054292917251586914,Truck,0,5,9,4,8,7,2,6,1,3,0,Drones
10,1,0,1.75,45,1,0.04698991775512695,Truck,0,9,2,3,4,6,1,7,5,8,0,Drones
10,1,0,1.75,60,1,0.15602684020996094,Truck,0,3,2,4,8,5,1,7,6,9,0,Drones
10,1,0,1.75,75,1,0.0754399299621582,Truck,0,1,9,3,4,6,8,5,7,2,0,Drones
10,1,1,1.0,30,1,0.18766188621520996,Truck,0,8,7,4,9,2,6,5,3,0,Drones,9-1-2
10,1,1,1.0,45,1,0.22549104690551758,Truck,0,1,8,7,4,6,3,9,0,Drones,0-5-1,4-2-6
10,1,1,1.0,60,1,0.3861539363861084,Truck,0,4,9,3,2,8,0,Drones,2-7-8,3-5-2,4-6-9,8-1-0
10,1,1,1.0,75,1,0.18215012550354004,Truck,0,1,9,7,8,3,0,Drones,1-5-9,7-2-8,8-6-3,9-4-7
10,1,1,1.25,30,1,0.05540204048156738,Truck,0,6,3,8,9,1,7,5,4,2,0,Drones
10,1,1,1.25,45,1,0.05005526542663574,Truck,0,2,9,3,8,1,6,7,5,0,Drones,6-4-7
10,1,1,1.25,60,1,0.5084969997406006,Truck,0,8,6,3,7,9,0,Drones,0-2-8,7-4-9,8-5-6,9-1-0
10,1,1,1.25,75,1,0.18540692329406738,Truck,0,9,3,4,1,0,Drones,0-5-9,1-2-0,3-7-4,4-6-1,9-8-3
10,1,1,1.5,30,1,0.04529380798339844,Truck,0,9,8,4,2,1,7,6,5,3,0,Drones
10,1,1,1.5,45,1,0.3630039691925049,Truck,0,1,9,8,7,0,Drones,0-4-1,1-6-9,7-3-0,8-2-7,9-5-8
10,1,1,1.5,60,1,0.18712615966796875,Truck,0,2,1,6,7,9,3,0,Drones,1-5-6,2-4-1,6-8-7
10,1,1,1.5,75,1,0.8221778869628906,Truck,0,4,8,3,1,0,Drones,0-9-4,1-2-0,3-5-1,4-6-8,8-7-3
10,1,1,1.75,30,1,0.09853291511535645,Truck,0,3,6,8,4,1,5,2,9,7,0,Drones
10,1,1,1.75,45,1,0.14217090606689453,Truck,0,7,4,9,2,5,6,0,Drones,2-8-5,6-3-0,9-1-2
10,1,1,1.75,60,1,0.13050389289855957,Truck,0,3,8,4,7,5,1,0,Drones,0-6-3,3-9-8,8-2-4
10,1,1,1.75,75,1,0.092620849609375,Truck,0,2,3,1,8,9,0,Drones,0-5-2,1-6-8,3-4-1,8-7-9
10,1,2,1.0,30,1,0.07098388671875,Truck,0,9,6,3,8,1,5,7,4,2,0,Drones
10,1,2,1.0,45,1,0.054260969161987305,Truck,0,2,7,8,6,9,5,1,3,4,0,Drones
10,1,2,1.0,60,1,0.1757667064666748,Truck,0,1,5,4,6,8,0,Drones,4-3-6,4-7-6,5-2-4,5-9-4
10,1,2,1.0,75,1,0.06966614723205566,Truck,0,5,7,9,1,4,8,0,Drones,0-2-5,0-6-5,7-3-9
10,1,2,1.25,30,1,0.10100364685058594,Truck,0,5,9,6,2,7,4,8,0,Drones,2-1-7,2-3-7
10,1,2,1.25,45,1,0.16632676124572754,Truck,0,8,4,7,1,3,6,2,0,Drones,8-5-4,8-9-4
10,1,2,1.25,60,1,0.1312870979309082,Truck,0,8,4,7,3,5,6,2,0,Drones,6-1-2,6-9-2
10,1,2,1.25,75,1,0.12024974822998047,Truck,0,7,2,9,1,6,0,Drones,0-3-7,0-8-7,6-4-0,6-5-0
10,1,2,1.5,30,1,0.07137203216552734,Truck,0,6,4,3,9,5,1,8,7,0,Drones,4-2-3
10,1,2,1.5,45,1,0.05264115333557129,Truck,0,7,1,2,4,6,3,8,0,Drones,2-5-4,8-9-0
10,1,2,1.5,60,1,0.4934408664703369,Truck,0,2,8,4,7,3,0,Drones,2-1-8,2-9-8,8-5-4,8-6-4
10,1,2,1.5,75,1,0.5942709445953369,Truck,0,6,5,8,7,0,Drones,5-1-8,6-2-5,6-9-5,8-3-7,8-4-7
10,1,2,1.75,30,1,0.0601038932800293,Truck,0,2,7,5,1,6,8,3,9,4,0,Drones
10,1,2,1.75,45,1,0.06429004669189453,Truck,0,8,6,7,3,5,9,2,0,Drones,2-1-0,2-4-0
10,1,2,1.75,60,1,0.11994004249572754,Truck,0,3,5,8,6,7,0,Drones,5-9-8,6-2-7,7-1-0,7-4-0
10,1,2,1.75,75,1,1.0913007259368896,Truck,0,6,8,7,0,Drones,6-1-8,6-2-8,7-5-0,7-9-0,8-3-7,8-4-7
10,1,3,1.0,30,1,0.08055830001831055,Truck,0,1,9,5,8,3,6,4,2,7,0,Drones
10,1,3,1.0,45,1,0.12189006805419922,Truck,0,2,4,5,6,8,3,9,0,Drones,9-1-0,9-7-0
10,1,3,1.0,60,1,0.08077716827392578,Truck,0,1,2,5,7,4,0,Drones,2-6-5,4-3-0,4-8-0,4-9-0
10,1,3,1.0,75,1,0.8734138011932373,Truck,0,8,4,0,Drones,0-6-8,0-9-8,4-3-0,4-5-0,8-1-4,8-2-4,8-7-4
10,1,3,1.25,30,1,0.1571059226989746,Truck,0,9,7,6,2,5,8,1,0,Drones,6-3-2,6-4-2
10,1,3,1.25,45,1,0.14867877960205078,Truck,0,2,4,7,5,3,9,1,6,0,Drones,7-8-5
10,1,3,1.25,60,1,0.17112398147583008,Truck,0,9,8,2,1,7,3,0,Drones,3-4-0,3-5-0,3-6-0
10,1,3,1.25,75,1,0.21708083152770996,Truck,0,6,4,1,7,0,Drones,1-3-7,1-5-7,4-8-1,7-2-0,7-9-0
10,1,3,1.5,30,1,0.09552907943725586,Truck,0,8,1,7,5,9,6,4,0,Drones,1-3-7,6-2-4
10,1,3,1.5,45,1,0.13128113746643066,Truck,0,7,1,4,5,3,6,9,0,Drones,5-8-3,7-2-1
10,1,3,1.5,60,1,0.33406901359558105,Truck,0,8,2,7,5,3,4,0,Drones,2-1-7,3-6-4,3-9-4
10,1,3,1.5,75,1,0.19347786903381348,Truck,0,9,2,5,0,Drones,0-6-9,0-7-9,0-8-9,2-1-5,9-3-2,9-4-2
10,1,3,1.75,30,1,0.05017280578613281,Truck,0,8,1,4,7,5,3,2,9,6,0,Drones
10,1,3,1.75,45,1,0.22778773307800293,Truck,0,9,4,6,5,7,2,8,0,Drones,6-1-5,6-3-5
10,1,3,1.75,60,1,0.09487318992614746,Truck,0,1,8,6,3,4,0,Drones,0-2-1,0-5-1,4-7-0,4-9-0
10,1,3,1.75,75,1,0.22033190727233887,Truck,0,6,1,2,9,5,0,Drones,0-7-6,2-8-9,5-3-0,5-4-0
15,1,0,1.0,30,1,0.1725912094116211,Truck,0,3,10,12,6,2,5,14,7,4,1,8,9,11,13,0,Drones
15,1,0,1.0,45,1,0.2800939083099365,Truck,0,13,6,1,5,7,8,11,10,4,2,3,14,12,9,0,Drones
15,1,0,1.0,60,1,0.18830108642578125,Truck,0,2,11,12,14,13,9,8,3,1,7,10,4,5,6,0,Drones
15,1,0,1.0,75,1,0.27417802810668945,Truck,0,11,6,3,5,9,4,13,10,1,12,14,7,2,8,0,Drones
15,1,0,1.25,30,1,0.23572587966918945,Truck,0,11,14,12,5,9,1,8,4,6,2,3,7,13,10,0,Drones
15,1,0,1.25,45,1,0.1894998550415039,Truck,0,6,12,11,2,9,7,10,14,8,5,1,3,13,4,0,Drones
15,1,0,1.25,60,1,0.3026618957519531,Truck,0,9,10,5,1,2,7,3,11,8,14,6,12,4,13,0,Drones
15,1,0,1.25,75,1,0.32236576080322266,Truck,0,5,7,12,2,4,8,3,9,10,14,1,13,11,6,0,Drones
15,1,0,1.5,30,1,0.30738401412963867,Truck,0,14,9,11,3,4,7,6,2,1,5,8,13,12,10,0,Drones
15,1,0,1.5,45,1,0.17236900329589844,Truck,0,12,3,7,14,9,8,1,6,2,4,13,5,11,10,0,Drones
15,1,0,1.5,60,1,0.2924532890319824,Truck,0,4,11,7,3,1,10,9,5,2,13,8,14,12,6,0,Drones
15,1,0,1.5,75,1,0.30533361434936523,Truck,0,13,10,5,11,14,1,9,4,6,8,2,7,12,3,0,Drones
15,1,0,1.75,30,1,0.4410970211029053,Truck,0,11,2,1,10,12,14,13,8,4,9,3,5,7,6,0,Drones
15,1,0,1.75,45,1,0.29828619956970215,Truck,0,8,13,1,3,2,4,5,11,10,9,12,14,6,7,0,Drones
15,1,0,1.75,60,1,0.2327418327331543,Truck,0,4,12,5,10,8,13,1,2,14,6,3,7,9,11,0,Drones
15,1,0,1.75,75,1,0.4174351692199707,Truck,0,6,1,5,14,7,9,11,3,13,4,8,2,12,10,0,Drones
15,1,1,1.0,30,1,0.16657090187072754,Truck,0,14,2,11,4,7,9,3,1,10,8,6,13,12,5,0,Drones
15,1,1,1.0,45,1,0.34189701080322266,Truck,0,5,9,2,14,1,13,8,7,6,3,0,Drones,0-11-5,2-12-14,6-10-3,14-4-1
15,1,1,1.0,60,1,0.8907270431518555,Truck,0,10,4,13,1,14,8,12,0,Drones,0-3-10,1-5-14,8-7-12,10-9-4,12-6-0,13-2-1,14-11-8
15,1,1,1.0,75,1,1.9418880939483643,Truck,0,4,6,11,3,9,7,8,0,Drones,0-10-4,3-1-9,6-12-11,7-2-8,8-14-0,9-13-7,11-5-3
15,1,1,1.25,30,1,0.2820606231689453,Truck,0,3,1,12,7,2,13,5,10,14,9,6,8,0,Drones,0-11-3,1-4-12
15,1,1,1.25,45,1,0.9587588310241699,Truck,0,4,10,12,2,13,11,5,1,6,3,8,0,Drones,0-14-4,8-7-0,13-9-11
15,1,1,1.25,60,1,4.0431458950042725,Truck,0,6,1,5,8,10,4,7,0,Drones,0-14-6,1-11-5,4-2-7,6-3-1,7-12-0,8-9-10,10-13-4
15,1,1,1.25,75,1,1.4971189498901367,Truck,0,1,3,10,8,4,14,11,2,0,Drones,1-6-3,2-13-0,3-12-10,4-5-14,8-7-4,10-9-8
15,1,1,1.5,30,1,0.273327112197876,Truck,0,14,11,3,4,13,6,7,2,8,5,10,9,12,0,Drones,9-1-12
15,1,1,1.5,45,1,0.44898223876953125,Truck,0,8,6,3,13,4,14,2,10,1,11,0,Drones,2-9-10,6-7-3,8-12-6,13-5-4
15,1,1,1.5,60,1,0.4476637840270996,Truck,0,4,11,7,8,10,13,6,14,0,Drones,0-9-4,4-1-11,7-2-8,11-12-7,13-5-6,14-3-0
15,1,1,1.5,75,1,2.1908459663391113,Truck,0,2,7,9,10,11,3,8,0,Drones,0-6-2,2-12-7,3-14-8,7-13-9,8-1-0,9-4-10,11-5-3
15,1,1,1.75,30,1,0.8086721897125244,Truck,0,7,3,11,9,2,14,4,5,0,Drones,0-8-7,2-13-14,3-12-11,9-1-2,11-10-9,14-6-4
15,1,1,1.75,45,1,0.535369873046875,Truck,0,12,8,7,2,10,14,4,9,3,1,0,Drones,0-11-12,1-13-0,3-5-1,9-6-3
15,1,1,1.75,60,1,1.6405959129333496,Truck,0,6,2,8,9,5,4,14,7,3,0,Drones,0-1-6,3-10-0,4-12-14,6-13-2,7-11-3
15,1,1,1.75,75,1,15.409088134765625,Truck,0,6,8,2,10,14,12,3,0,Drones,0-9-6,2-1-10,3-11-0,6-4-8,10-7-14,12-5-3,14-13-12
15,1,2,1.0,30,1,0.5691299438476562,Truck,0,5,6,7,14,3,13,12,11,4,1,0,Drones,1-2-0,1-10-0,6-8-7,13-9-12
15,1,2,1.0,45,1,0.6618351936340332,Truck,0,7,11,2,13,5,14,6,1,12,0,Drones,5-10-14,12-3-0,12-8-0,14-4-6,14-9-6
15,1,2,1.0,60,1,0.9235219955444336,Truck,0,4,3,9,14,13,2,1,5,0,Drones,1-8-5,4-12-3,5-6-0,5-11-0,13-7-2,13-10-2
15,1,2,1.0,75,1,1.8331620693206787,Truck,0,2,1,6,10,8,0,Drones,0-4-2,0-7-2,1-5-6,6-11-10,6-12-10,8-3-0,8-14-0,10-9-8,10-13-8
15,1,2,1.25,30,1,0.6096439361572266,Truck,0,10,5,9,3,14,8,13,12,6,11,4,0,Drones,4-7-0,13-1-12,13-2-12
15,1,2,1.25,45,1,1.323002815246582,Truck,0,9,14,3,5,13,2,10,0,Drones,0-6-9,3-7-5,3-8-5,9-11-14,9-12-14,14-1-3,14-4-3
15,1,2,1.25,60,1,0.9185929298400879,Truck,0,7,5,10,1,11,3,14,0,Drones,0-6-7,0-8-7,3-4-14,3-13-14,5-12-10,14-2-0,14-9-0
15,1,2,1.25,75,1,1.2004170417785645,Truck,0,11,7,1,8,0,Drones,0-6-11,0-10-11,1-3-8,1-12-8,7-4-1,7-14-1,8-5-0,8-9-0,11-2-7,11-13-7
15,1,2,1.5,30,1,0.46372318267822266,Truck,0,13,3,6,11,9,4,2,8,7,1,14,10,0,Drones,7-12-1,14-5-10
15,1,2,1.5,45,1,0.7305059432983398,Truck,0,11,13,10,5,6,3,7,4,14,0,Drones,0-2-11,5-1-6,5-9-6,10-8-5,10-12-5
15,1,2,1.5,60,1,0.8657450675964355,Truck,0,7,2,3,10,5,12,1,0,Drones,0-9-7,0-11-7,1-4-0,2-14-3,5-8-12,7-6-2,7-13-2
15,1,2,1.5,75,1,2.2728378772735596,Truck,0,14,2,8,6,0,Drones,0-1-14,0-3-14,2-10-8,2-12-8,6-5-0,6-11-0,8-7-6,8-9-6,14-4-2,14-13-2
15,1,2,1.75,30,1,0.26422119140625,Truck,0,14,6,4,11,8,13,1,12,7,3,10,5,0,Drones,6-2-4,13-9-1
15,1,2,1.75,45,1,0.44860196113586426,Truck,0,10,5,9,8,3,6,4,13,14,1,7,0,Drones,1-12-7,14-2-1,14-11-1
15,1,2,1.75,60,1,1.603111743927002,Truck,0,5,13,3,4,9,0,Drones,0-2-5,0-10-5,3-6-4,4-12-9,4-14-9,9-7-0,9-8-0,13-1-3,13-11-3
15,1,2,1.75,75,1,2.556717872619629,Truck,0,7,5,13,2,0,Drones,0-10-7,0-11-7,2-3-0,2-9-0,5-4-13,5-6-13,7-8-5,7-12-5,13-1-2,13-14-2
15,1,3,1.0,30,1,0.2914760112762451,Truck,0,1,11,12,4,2,7,14,5,3,13,10,8,0,Drones,10-9-8,12-6-4
15,1,3,1.0,45,1,0.7605640888214111,Truck,0,1,4,6,12,9,2,5,8,14,7,0,Drones,2-3-5,2-10-5,8-11-14,8-13-14
15,1,3,1.0,60,1,1.4675781726837158,Truck,0,1,3,10,8,0,Drones,0-4-1,0-6-1,0-7-1,1-5-3,1-11-3,1-14-3,3-9-10,3-12-10,3-13-10,10-2-8
15,1,3,1.0,75,1,1.440675973892212,Truck,0,3,8,6,2,9,7,0,Drones,3-5-8,3-10-8,3-14-8,8-1-6,8-12-6,8-13-6,9-4-7,9-11-7
15,1,3,1.25,30,1,0.4018239974975586,Truck,0,7,5,3,4,13,8,10,1,12,9,2,6,0,Drones,6-14-0,7-11-5
15,1,3,1.25,45,1,0.4392077922821045,Truck,0,8,7,1,6,9,2,13,0,Drones,0-4-8,0-5-8,2-3-13,2-10-13,2-12-13,9-11-2,13-14-0
15,1,3,1.25,60,1,0.441957950592041,Truck,0,5,9,3,2,13,14,10,0,Drones,2-7-13,2-12-13,5-8-9,9-1-3,9-6-3,13-4-14,13-11-14
15,1,3,1.25,75,1,0.5271799564361572,Truck,0,8,13,14,7,0,Drones,0-3-8,0-9-8,0-12-8,7-2-0,7-5-0,7-6-0,13-11-14,14-1-7,14-4-7,14-10-7
15,1,3,1.5,30,1,0.8287689685821533,Truck,0,9,3,5,8,2,12,10,11,14,1,13,0,Drones,5-4-8,5-6-8,5-7-8
15,1,3,1.5,45,1,2.434039831161499,Truck,0,12,3,9,8,11,4,10,5,0,Drones,3-2-9,3-14-9,5-1-0,5-6-0,5-13-0,11-7-4
15,1,3,1.5,60,1,0.42870497703552246,Truck,0,6,10,4,12,3,0,Drones,0-1-6,0-8-6,4-14-12,6-2-10,10-5-4,10-9-4,12-7-3,12-11-3,12-13-3
15,1,3,1.5,75,1,1.9796338081359863,Truck,0,14,3,7,11,0,Drones,0-5-14,0-8-14,3-2-7,3-4-7,3-6-7,11-9-0,11-10-0,14-1-3,14-12-3,14-13-3
15,1,3,1.75,30,1,0.3524906635284424,Truck,0,14,9,11,4,8,12,10,6,7,3,13,0,Drones,4-2-8,9-1-11,11-5-4
15,1,3,1.75,45,1,0.48207998275756836,Truck,0,3,5,11,2,8,12,9,13,1,7,14,10,0,Drones,8-4-12,8-6-12
15,1,3,1.75,60,1,1.2363052368164062,Truck,0,13,8,7,4,2,5,3,0,Drones,0-12-13,3-1-0,3-6-0,3-11-0,8-10-7,13-9-8,13-14-8
15,1,3,1.75,75,1,2.8009681701660156,Truck,0,8,9,10,4,5,0,Drones,0-1-8,0-2-8,4-6-5,4-11-5,4-13-5,9-7-10,9-12-10,9-14-10,10-3-4
20,1,0,1.0,30,1,1.6132290363311768,Truck,0,4,14,7,18,11,17,12,15,16,1,8,19,5,9,3,13,6,2,10,0,Drones
20,1,0,1.0,45,1,0.8173189163208008,Truck,0,10,5,4,7,16,9,2,8,17,13,1,3,14,19,18,6,15,11,12,0,Drones
20,1,0,1.0,60,1,0.9514579772949219,Truck,0,10,16,8,4,6,13,19,1,5,15,3,11,17,14,12,2,7,9,18,0,Drones
20,1,0,1.0,75,1,0.7910966873168945,Truck,0,17,19,15,14,16,1,5,13,11,7,9,10,8,2,12,4,18,6,3,0,Drones
20,1,0,1.25,30,1,1.5199589729309082,Truck,0,2,1,3,8,16,13,18,7,11,9,14,10,19,4,15,6,5,12,17,0,Drones
20,1,0,1.25,45,1,0.8010878562927246,Truck,0,12,15,7,10,14,8,16,17,11,9,4,6,18,13,2,1,5,3,19,0,Drones
20,1,0,1.25,60,1,0.5898098945617676,Truck,0,14,8,11,13,7,3,9,5,16,10,17,2,18,6,19,4,12,1,15,0,Drones
20,1,0,1.25,75,1,0.6995031833648682,Truck,0,17,19,3,15,10,14,6,7,13,4,16,11,8,5,12,18,2,1,9,0,Drones
20,1,0,1,0,1,0.635138750076294,Truck,0,5,10,4,11,18,6,14,7,2,15,13,16,3,17,19,9,8,12,1,0,Drones
20,1,1,1.0,30,1,1.0441668033599854,Truck,0,7,10,6,19,8,14,9,17,2,16,15,3,13,18,0,Drones,6-12-19,13-11-18,16-4-15,18-5-0,19-1-8
20,1,1,1.0,45,1,0.6306600570678711,Truck,0,8,18,14,7,17,10,13,11,4,5,0,Drones,0-1-8,5-16-0,8-19-18,10-2-13,11-3-4,13-6-11,14-15-7,17-9-10,18-12-14
20,1,1,1.0,60,1,5.558535814285278,Truck,0,5,8,14,16,13,12,6,19,4,0,Drones,0-11-5,4-10-0,5-9-8,6-7-19,8-2-14,12-15-6,13-3-12,14-18-16,16-1-13,19-17-4
20,1,1,1.0,75,1,7.519522190093994,Truck,0,4,8,2,15,1,18,16,14,6,0,Drones,0-5-4,1-7-18,2-12-15,4-9-8,6-3-0,8-10-2,14-17-6,15-13-1,16-11-14,18-19-16
20,1,1,1.25,30,1,0.9920361042022705,Truck,0,13,10,1,19,12,9,8,3,14,6,7,2,15,0,Drones,0-16-13,2-5-15,6-18-7,7-17-2,9-4-8,15-11-0
20,1,1,1.25,45,1,3.523768186569214,Truck,0,14,5,12,6,19,3,2,13,9,8,16,11,0,Drones,2-17-13,3-4-2,5-1-12,8-7-16,9-15-8,13-18-9,16-10-11
20,1,1,1.25,60,1,3.0672607421875,Truck,0,9,13,15,6,10,4,12,16,17,0,Drones,0-8-9,4-5-12,6-14-10,9-7-13,10-3-4,12-11-16,13-1-15,15-2-6,16-19-17,17-18-0
20,1,1,1.25,75,1,7.485263824462891,Truck,0,14,2,4,17,11,5,16,6,10,0,Drones,0-7-14,2-12-4,4-15-17,5-18-16,6-3-10,10-9-0,11-1-5,14-13-2,16-19-6,17-8-11
20,1,1,1.5,30,1,111.18678593635559,Truck,0,5,7,6,19,4,1,15,9,8,18,11,3,2,17,13,16,0,Drones,13-14-16,16-12-0,17-10-13
20,1,1,1.5,45,1,5.033395051956177,Truck,0,1,10,14,19,2,3,16,7,17,8,18,0,Drones,0-15-1,1-5-10,2-6-3,3-13-16,7-9-17,16-11-7,17-12-8,18-4-0
20,1,1,1.5,60,1,3.7335309982299805,Truck,0,2,4,9,1,14,17,11,19,12,0,Drones,0-13-2,1-6-14,2-15-4,4-10-9,9-3-1,11-7-19,12-5-0,14-8-17,17-16-11,19-18-12
20,1,1,1.5,75,1,27.76429581642151,Truck,0,15,8,12,6,16,14,5,11,2,0,Drones,0-19-15,2-10-0,5-4-11,6-13-16,8-7-12,11-1-2,12-3-6,14-17-5,15-18-8,16-9-14
20,1,1,1.75,30,1,0.6440999507904053,Truck,0,3,7,8,4,15,11,13,5,6,16,9,19,12,14,10,0,Drones,4-1-15,7-17-8,11-2-13,13-18-5
20,1,1,1.75,45,1,1.1857929229736328,Truck,0,10,6,15,8,14,4,19,11,9,3,17,0,Drones,0-18-10,6-12-15,8-5-14,9-13-3,10-7-6,11-2-9,15-1-8,17-16-0
20,1,1,1.75,60,1,7.477450132369995,Truck,0,17,7,8,10,9,3,5,13,16,0,Drones,0-19-17,3-12-5,5-1-13,7-6-8,8-14-10,9-15-3,10-2-9,13-4-16,16-11-0,17-18-7
20,1,1,1.75,75,1,65.32653880119324,Truck,0,5,12,17,3,11,8,15,16,2,0,Drones,0-14-5,2-18-0,3-7-11,5-1-12,8-4-15,11-13-8,12-9-17,15-10-16,16-6-2,17-19-3
20,1,2,1.0,30,1,56.7097909450531,Truck,0,12,5,19,16,9,2,18,3,14,7,8,11,10,17,1,6,4,0,Drones,1-13-6,9-15-2
20,1,2,1.0,45,1,3.6416077613830566,Truck,0,14,19,6,16,3,13,11,1,2,15,8,17,7,5,0,Drones,6-4-16,6-9-16,17-10-7,17-18-7,19-12-6
20,1,2,1.0,60,1,16.278072118759155,Truck,0,14,15,3,6,13,8,17,11,0,Drones,0-5-14,0-10-14,3-2-6,8-19-17,13-12-8,13-18-8,14-4-15,15-9-3,15-16-3,17-1-11,17-7-11
20,1,2,1.0,75,1,5.15039587020874,Truck,0,15,10,4,5,9,18,8,0,Drones,0-13-15,0-17-15,4-12-5,8-11-0,9-3-18,9-19-18,10-6-4,10-7-4,15-1-10,15-14-10,18-2-8,18-16-8
20,1,2,1.25,30,1,11.37653136253357,Truck,0,9,19,13,1,14,5,17,18,6,11,4,15,0,Drones,1-12-14,1-16-14,13-8-1,17-2-18,17-10-18,18-3-6,18-7-6
20,1,2,1.25,45,1,2.316577911376953,Truck,0,3,10,4,19,12,17,11,1,8,7,2,18,0,Drones,3-6-10,3-9-10,7-5-2,7-14-2,8-13-7,12-16-17,19-15-12
20,1,2,1.25,60,1,9.927006006240845,Truck,0,4,6,9,8,18,17,19,0,Drones,0-1-4,0-13-4,4-3-6,4-15-6,6-12-9,6-14-9,8-11-18,9-16-8,17-7-19,17-10-19,18-2-17,18-5-17
20,1,2,1.25,75,1,35.77186989784241,Truck,0,1,4,17,10,9,5,0,Drones,0-16-1,1-8-4,1-13-4,4-3-17,4-6-17,5-12-0,5-19-0,9-2-5,9-7-5,10-15-9,10-18-9,17-11-10,17-14-10
20,1,2,1.5,30,1,4.270103216171265,Truck,0,10,12,7,2,15,3,4,11,9,5,16,19,17,6,0,Drones,6-18-0,9-1-5,9-13-5,11-8-9,11-14-9
20,1,2,1.5,45,1,5.862239837646484,Truck,0,19,11,1,2,3,7,6,5,8,13,0,Drones,0-14-19,2-4-3,2-15-3,7-10-6,7-18-6,13-12-0,13-17-0,19-9-11,19-16-11
20,1,2,1.5,60,1,2.475268840789795,Truck,0,16,11,8,18,5,17,10,0,Drones,0-7-16,5-6-17,5-12-17,8-2-18,8-14-18,10-15-0,10-19-0,11-1-8,11-3-8,17-9-10,18-4-5,18-13-5
20,1,2,1.5,75,1,11.030864715576172,Truck,0,15,8,11,4,14,2,3,0,Drones,0-12-15,0-18-15,3-5-0,3-19-0,4-1-14,4-7-14,8-10-11,8-13-11,11-9-4,11-17-4,14-6-2,14-16-2
20,1,2,1.75,30,1,0.752918004989624,Truck,0,6,12,16,13,14,15,4,18,17,9,10,1,11,2,5,19,0,Drones,2-3-5,2-7-5,10-8-1
20,1,2,1.75,45,1,7.534286022186279,Truck,0,7,14,9,17,11,16,3,8,15,6,0,Drones,9-1-17,11-10-16,11-12-16,14-5-9,14-18-9,16-4-3,16-19-3,17-2-11,17-13-11
20,1,2,1.75,60,1,9.641193151473999,Truck,0,10,5,1,12,19,16,6,2,0,Drones,0-8-10,0-11-10,1-14-12,1-18-12,2-17-0,5-7-1,5-15-1,6-3-2,6-13-2,10-4-5,10-9-5
20,1,2,1.75,75,1,5.502286195755005,Truck,0,4,9,14,1,6,2,0,Drones,0-3-4,0-5-4,1-10-6,1-12-6,2-15-0,4-13-9,4-18-9,6-7-2,6-16-2,9-8-14,9-19-14,14-11-1,14-17-1
20,1,3,1.0,30,1,0.7673149108886719,Truck,0,9,8,4,16,2,12,13,18,11,14,10,17,19,6,7,0,Drones,2-3-12,2-15-12,7-5-0,8-1-4
20,1,3,1.0,45,1,10.869102716445923,Truck,0,14,9,6,2,12,5,11,4,16,0,Drones,0-19-14,4-8-16,4-15-16,5-1-11,5-7-11,5-18-11,11-13-4,14-3-9,14-17-9,16-10-0
20,1,3,1.0,60,1,3.612941026687622,Truck,0,18,6,7,11,13,10,1,8,0,Drones,0-4-18,0-9-18,6-2-7,6-3-7,6-12-7,7-15-11,7-17-11,11-16-13,11-19-13,13-5-10,13-14-10
20,1,3,1.0,75,1,8.483645915985107,Truck,0,1,3,2,13,18,6,0,Drones,0-14-1,1-7-3,2-4-13,2-9-13,2-17-13,3-5-2,3-12-2,3-16-2,6-8-0,6-10-0,6-15-0,18-11-6,18-19-6
20,1,3,1.25,30,1,1.7361888885498047,Truck,0,1,3,2,12,7,10,8,9,17,13,5,4,15,0,Drones,0-6-1,0-11-1,5-16-4,5-19-4,15-14-0,15-18-0
20,1,3,1.25,45,1,16.55881118774414,Truck,0,3,10,7,6,5,8,9,18,19,1,11,0,Drones,0-2-3,3-12-10,7-4-6,7-13-6,7-17-6,9-15-18,9-16-18,11-14-0
20,1,3,1.25,60,1,8.093148946762085,Truck,0,5,14,10,18,13,12,8,0,Drones,0-16-5,0-19-5,8-1-0,8-6-0,8-7-0,10-3-18,10-9-18,12-4-8,13-2-12,13-17-12,18-11-13,18-15-13
20,1,3,1.25,75,1,27.638155221939087,Truck,0,10,6,17,1,19,0,Drones,0-11-10,0-13-10,0-16-10,1-18-19,6-4-17,6-9-17,6-14-17,10-2-6,17-3-1,17-5-1,17-12-1,19-7-0,19-8-0,19-15-0
20,1,3,1.5,30,1,1.0716278553009033,Truck,0,11,18,15,12,16,3,8,2,14,4,6,13,7,0,Drones,4-19-6,7-1-0,7-9-0,11-10-18,12-5-16,15-17-12
20,1,3,1.5,45,1,3.6017961502075195,Truck,0,9,14,12,10,8,1,11,3,5,17,15,0,Drones,1-16-11,8-13-1,9-4-14,9-7-14,10-19-8,15-6-0,15-18-0,17-2-15
20,1,3,1.5,60,1,7.581949949264526,Truck,0,14,2,5,7,12,3,1,4,18,10,0,Drones,0-6-14,0-8-14,0-15-14,1-9-4,1-11-4,1-17-4,3-13-1,3-16-1,3-19-1
20,1,3,1.5,75,1,6.383746862411499,Truck,0,6,1,3,17,15,0,Drones,0-19-6,1-10-3,3-4-17,3-12-17,3-14-17,6-2-1,6-8-1,6-13-1,15-7-0,15-9-0,15-16-0,17-5-15,17-11-15,17-18-15
20,1,3,1.75,30,1,0.6770331859588623,Truck,0,9,1,15,12,6,5,3,8,13,14,18,17,16,7,0,Drones,0-2-9,0-10-9,0-11-9,18-4-17,18-19-17
20,1,3,1.75,45,1,8.755285024642944,Truck,0,13,4,9,5,3,6,15,7,19,14,1,2,0,Drones,0-8-13,0-10-13,0-11-13,1-12-2,5-18-3,9-16-5,9-17-5
20,1,3,1.75,60,1,5.377204895019531,Truck,0,4,16,14,1,2,13,9,6,0,Drones,0-7-4,0-15-4,1-8-2,4-3-16,4-11-16,4-18-16,14-5-1,14-10-1,14-12-1,16-17-14,16-19-14
20,1,3,1.75,75,1,73.33241605758667,Truck,0,14,3,11,7,1,0,Drones,0-13-14,1-2-0,1-8-0,1-17-0,3-5-11,3-6-11,3-19-11,7-10-1,7-16-1,7-18-1,11-4-7,11-12-7,11-15-7,14-9-3
25,1,0,1,0,1,1.361901044845581,Truck,0,18,24,16,17,4,6,20,19,11,1,14,15,7,3,2,8,21,9,13,12,23,10,5,22,0,Drones
25,1,1,1.0,30,1,1303.2255859375,Truck,0,18,6,19,22,17,12,20,24,4,9,5,21,7,16,8,14,23,13,3,0,Drones,4-2-9,6-10-19,9-1-5,18-15-6,20-11-24
25,1,1,1.0,45,1,25.17253804206848,Truck,0,19,4,14,9,23,11,16,24,7,21,17,3,0,Drones,0-10-19,3-20-0,7-18-21,9-15-23,11-8-16,14-22-9,16-1-24,17-12-3,19-2-4,21-6-17,23-13-11,24-5-7
25,1,1,1.0,60,1,7.3858630657196045,Truck,0,16,11,21,23,5,6,24,2,12,14,13,8,0,Drones,0-17-16,5-1-6,6-4-24,8-18-0,11-22-21,12-19-14,13-7-8,14-9-13,16-15-11,21-20-23,23-10-5,24-3-2
